id,name,email
121,Daniel Ayala,ayala.d@outlook.com
152,Mary Lyons,lyons.m@gmail.com
131,Kathleen Stevens,stevens.k@icloud.com
145,Linda Harvey,harvey.l@outlook.com
210,Anita,anita.a@outlook.com
211,Jamie Navarro,navarro_j@icloud.com
182,Heather Moore,moore.h@outlook.com
176,Deborah Wright,wright_d@icloud.com
153,Rachel Martin,martin_r@icloud.com
155,Scott Leblanc,leblanc_s@icloud.com
206,Gretchen Schwartz,schwartz_g@gmail.com
226,Lori Heath,heath.l@outlook.com
233,Edward Zhang,zhang_e@icloud.com
139,Kaylee Ehrmantraut,ehrmantraut.k@gmail.com
148,Megan Myers,myers_m@outlook.com
183,John Hendricks,hendricks_j@icloud.com
125,Gale Boetticher,boetticher.g@gmail.com
128,Viola Goto,goto_v@icloud.com
116,Teresa Barrett DVM,dvm.t@icloud.com
221,Sandra Saunders,saunders.s@outlook.com
119,Bill Williams,williams_b@icloud.com
129,Sarah Dickerson,dickerson_s@gmail.com
150,Marie Schrader,schrader_m@gmail.com
197,Tyler Kennedy,kennedy.t@gmail.com
185,Patrick Daniel,daniel_p@gmail.com
166,Lyle,lyle_l@icloud.com
174,Francesca Liddy,liddy_f@outlook.com
177,Kevin Wachtell,wachtell.k@icloud.com
127,Leonel Salamanca,salamanca.l@gmail.com
216,Jennifer Johnson,johnson.j@gmail.com
137,Dr. Caldera,caldera_d@gmail.com
196,Jonathan Williams,williams_j@gmail.com
154,Kelly Mcclain,mcclain.k@gmail.com
209,Donald Solis,solis_d@outlook.com
111,Mark Vega,vega_m@gmail.com
109,Marco Salamanca,salamanca.m@gmail.com
203,Jeffery Shelton,shelton_j@outlook.com
230,Paige Novick,novick_p@icloud.com
215,Lisa Jones,jones_l@gmail.com
180,Jimmy McGill,mcgill.j@icloud.com
141,Rich Schweikart,schweikart.r@gmail.com
170,Walter White,white_w@gmail.com
217,Natalie Griffin,griffin.n@icloud.com
184,Mary Church,church_m@gmail.com
105,Clifford Main,main.c@gmail.com
191,Ted Beneke,beneke_t@outlook.com
193,Betsy Kettleman,kettleman_b@icloud.com
144,Maureen Bruckner,bruckner_m@icloud.com
112,Karen Arnold,arnold.k@gmail.com
117,Kimberly Wallace,wallace_k@outlook.com
204,Patrick Roberts,roberts.p@outlook.com
160,Robert Baxter,baxter.r@icloud.com
192,Omar,omar_o@outlook.com
136,Elizabeth Bush,bush.e@icloud.com
106,Erin Brill,brill_e@gmail.com
151,Gustago Fring,fring.g@icloud.com
